Sr.No,Region,Country,Location,Location-Code,Entity,GB,Local-ITL,Local-ITL Proxy,Department Head (DH),Key Account Manager (KAM),Department,Building,Floor,Lab No,Primary Lab Coordinator,Secondary Lab Coordinator,Cost Center,Kind of Lab,Purpose of Lab in Brief,Description,ACL Required,No of Green Ports,No of Yellow Ports,No of Red Ports,Is lab going to procure new equipment for Engineering/Red Zone?,Shared Lab
1.0,APAC,IN,Coimbatore,Cob-SEZ,BGSW,NE1-XC,ada3kor,muk3kor,USA8KOR,gom2kor,MS/ECF-XC,Cob-SEZ2,3.0,C-308,MBN2KOR,ESB5KOR,652B02,Test,Endurance test ECU,Nexon EV endurance test on ECU,No,null,null,null,No,No
2.0,APAC,IN,Coimbatore,Cob-SEZ,BGSW,NE1-XC,ada3kor,muk3kor,SAM3KOR,gom2kor,MS/ECV-XC,SEZ2,3.0,C-307,chc1kor,SAMB1COB,652B08,Test,Endurance test ECU,Nexon EV endurance test on ECU,No,null,null,null,No,No
3.0,APAC,IN,Coimbatore,Cob-SEZ,BGSW,NE1-XC,ada3kor,muk3kor,SAM3KOR,gom2kor,MS/ECV-XC,SEZ2,3.0,N-317,chc1kor,SAMB1COB,652B08,Test,Endurance test ECU,Nexon EV endurance test on ECU,No,null,null,null,No,Yes
4.0,APAC,IN,Coimbatore,Cob-SEZ,BGSW,NE1-XC,ada3kor,muk3kor,sdb2kor,gom2kor,MS/ECR-XC,SEZ2,3.0,N-317,chc1kor,SAMB1COB,652ATR,Test,Endurance test ECU,Nexon EV endurance test on ECU,No,null,null,null,No,Yes
5.0,APAC,IN,Coimbatore,Cob-SEZ,BGSW,NE1-XC,ada3kor,muk3kor,SAM3KOR,gom2kor,MS/ECV-XC,SEZ2,5.0,S-514,chc1kor,SAMB1COB,652B08,Test,Endurance test ECU,Nexon EV endurance test on ECU,No,null,null,null,No,No
6.0,APAC,IN,Coimbatore,Cob-SEZ,BGSW,NE1-XC,ada3kor,muk3kor,jpn2kor,gom2kor,MS/ECS-XC,SEZ2,5.0,N-515,MBN2KOR,BSH1COB,652P50,Test,Endurance test ECU,Nexon EV endurance test on ECU,No,null,null,null,No,No
7.0,APAC,IN,Coimbatore,Cob-SEZ,BGSW,NE1-XC,ada3kor,muk3kor,vhs2kor,gom2kor,MS/ECO-XC,SEZ2,3.0,S-316,MBN2KOR,ESB5KOR,652W82,Test,Endurance test ECU,Nexon EV endurance test on ECU,No,null,null,null,No,Yes
8.0,APAC,IN,Coimbatore,Cob-SEZ,BGSW,NE1-XC,ada3kor,muk3kor,jpn2kor,gom2kor,MS/ECS-XC,SEZ2,3.0,S-316,MKU5KOR,MBN2KOR,652P50,Test,Endurance test ECU,Nexon EV endurance test on ECU,No,null,null,null,No,Yes
9.0,APAC,IN,Coimbatore,Cob-SEZ,BGSW,NE1-XC,ada3kor,muk3kor,des2kor,gom2kor,MS/ECK-XC,SEZ2,2.0,C-208,VVA3COB,PAH5COB,652U88,Test,Endurance test ECU,Nexon EV endurance test on ECU,No,null,null,null,No,Yes
10.0,APAC,IN,Coimbatore,Cob-SEZ,BGSW,NE1-XC,ada3kor,muk3kor,des2kor,gom2kor,MS/ECK-XC,SEZ2,2.0,C-207,VVA3COB,DEL2COB,652U88,Test,Endurance test ECU,Nexon EV endurance test on ECU,No,null,null,null,No,No
11.0,APAC,IN,Coimbatore,Cob-SEZ,BGSW,NE1-XC,ada3kor,muk3kor,des2kor,gom2kor,MS/ECK-XC,SEZ2,Gnd,NG-14,VVA3COB,null,652U88,Test,Endurance test ECU,Nexon EV endurance test on ECU,No,null,null,null,No,Yes
12.0,APAC,IN,Coimbatore,Cob-SEZ,BGSW,NE1-XC,ada3kor,muk3kor,des2kor,gom2kor,MS/ECK-XC,SEZ2,2.0,N-215,VVA3COB,SRC4COB,652U88,Test,Endurance test ECU,Nexon EV endurance test on ECU,No,null,null,null,No,No
13.0,APAC,IN,Coimbatore,Cob-SEZ,BGSW,NE1-XC,ada3kor,muk3kor,des2kor,gom2kor,MS/ECK-XC,SEZ2,5.0,N-515,VVA3COB,SRC4COB,652U88,Test,Endurance test ECU,Nexon EV endurance test on ECU,No,null,null,null,No,Yes
14.0,APAC,IN,Coimbatore,Cob-SEZ,BGSW,NE1-XC,ada3kor,muk3kor,NPA9COB,gom2kor,MS/EKI-XC,SEZ2,Gnd,NG-14,RUA7COB,PBV3COB,652X93,Test,Endurance test ECU,Nexon EV endurance test on ECU,No,null,null,null,No,Yes
15.0,APAC,IN,Coimbatore,Cob-SEZ,BGSW,NE1-XC,ada3kor,muk3kor,gty2kor,gom2kor,MS/EDI-XC,SEZ2,2.0,C-205,ARD5COB,BHB6COB,652ATI,Test,Endurance test ECU,Nexon EV endurance test on ECU,No,null,null,null,No,No
16.0,APAC,IN,Coimbatore,Cob-SEZ,BGSW,NE1-XC,ada3kor,muk3kor,gty2kor,gom2kor,MS/EDI-XC,SEZ2,3.0,C-304,ARD5COB,BJG1COB,652ATI,Test,Endurance test ECU,Nexon EV endurance test on ECU,No,null,null,null,No,Yes
17.0,APAC,IN,Coimbatore,Cob-SEZ,BGSW,NE1-XC,ada3kor,muk3kor,gty2kor,gom2kor,MS/EDI-XC,SEZ2,3.0,C-305,ARD5COB,BJG1COB,652ATI,Test,Endurance test ECU,Nexon EV endurance test on ECU,No,null,null,null,No,Yes
18.0,APAC,IN,Coimbatore,Cob-SEZ,BGSW,NE1-XC,ada3kor,muk3kor,gty2kor,gom2kor,MS/EDI-XC,SEZ2,4.0,N-415,ARD5COB,BJG1COB,652ATI,Test,Endurance test ECU,Nexon EV endurance test on ECU,No,null,null,null,No,Yes
19.0,APAC,IN,Coimbatore,Cob-SEZ,BGSW,NE1-XC,ada3kor,muk3kor,LIS1COB,gom2kor,MS/ETW-2WP,SEZ2,3.0,C-304,AAP6COB,null,652W87,Test,Endurance test ECU,Nexon EV endurance test on ECU,No,null,null,null,No,Yes
20.0,APAC,IN,Coimbatore,Cob-SEZ,BGSW,NE1-XC,ada3kor,muk3kor,LIS1COB,gom2kor,MS/ETW-2WP,SEZ2,3.0,C-305,AAP6COB,null,652W87,Test,Endurance test ECU,Nexon EV endurance test on ECU,No,null,null,null,No,Yes
21.0,APAC,IN,Coimbatore,Cob-SEZ,BGSW,NE1-XC,ada3kor,muk3kor,NPA9COB,gom2kor,MS/EKI-XC,SEZ2,Gnd,NG-24,RUA7COB,PBV3COB,652X93,Test,Endurance test ECU,Nexon EV endurance test on ECU,No,null,null,null,No,Yes
22.0,APAC,IN,Coimbatore,Cob-SEZ,BGSW,MS/NE-VM,ada3kor,muk3kor,rss2kor,sre7kor,MS/EPX-VM,SEZ1,Gnd,WG-12,TSS1COB,DIZ1COB,652X18,Test,Endurance test ECU,Nexon EV endurance test on ECU,No,null,null,null,No,No
23.0,APAC,IN,Coimbatore,Cob-SEZ,BGSW,MS/NE-VM,ada3kor,muk3kor,rss2kor,sre7kor,MS/EPX-VM,SEZ1,4.0,C-408,TSS1COB,DIZ1COB,652X18,Test,Endurance test ECU,Nexon EV endurance test on ECU,Yes,4.0,5.0,null,No,No
24.0,APAC,IN,Coimbatore,Cob-SEZ,BGSW,MS/NE-VM,ada3kor,muk3kor,paa1cob,sre7kor,MS/EBM-VM,SEZ2,4.0,C-404,MTA2COB,XID1COB,652ATG,Test,Endurance test ECU,Nexon EV endurance test on ECU,Yes,5.0,6.0,7.0,No,No
25.0,APAC,IN,Coimbatore,Cob-SEZ,BGSW,MS/NE-VM,ada3kor,muk3kor,paa1cob,sre7kor,MS/EBM-VM,SEZ2,4.0,C-406,MTA2COB,XID1COB,652ATG,Test,Endurance test ECU,Nexon EV endurance test on ECU,No,null,null,null,No,No
26.0,APAC,IN,Coimbatore,Cob-SEZ,BGSW,MS/NE-VM,ada3kor,muk3kor,paa1cob,sre7kor,MS/EBM-VM,SEZ2,4.0,C-410,MTA2COB,XID1COB,652ATG,Test,Endurance test ECU,Nexon EV endurance test on ECU,Yes,2.0,7.0,5.0,No,No
27.0,APAC,IN,Coimbatore,Cob-SEZ,BGSW,MS/NE-VM,ada3kor,muk3kor,paa1cob,sre7kor,MS/EBM-VM,SEZ2,4.0,C-411,MTA2COB,XID1COB,652ATG,Test,Endurance test ECU,Nexon EV endurance test on ECU,No,null,null,null,No,No
28.0,APAC,IN,Coimbatore,Cob-SEZ,BGSW,MS/NE-VM,ada3kor,muk3kor,paa1cob,sre7kor,MS/EBM-VM,SEZ2,4.0,C-413,MTA2COB,XID1COB,652ATG,Test,Endurance test ECU,Nexon EV endurance test on ECU,No,null,null,null,No,No
29.0,APAC,IN,Coimbatore,Cob-SEZ,BGSW,MS/NE-VM,ada3kor,muk3kor,paa1cob,sre7kor,MS/EBM-VM,SEZ2,5.0,C-506,MTA2COB,XID1COB,652ATG,Test,Endurance test ECU,Nexon EV endurance test on ECU,No,null,null,null,No,No
30.0,APAC,IN,Coimbatore,Cob-SEZ,BGSW,MS/NE-VM,ada3kor,muk3kor,paa1cob,sre7kor,MS/EBM-VM,SEZ2,5.0,C-508,MTA2COB,XID1COB,652ATG,Test,Endurance test ECU,Nexon EV endurance test on ECU,No,null,null,null,No,No
31.0,APAC,IN,Coimbatore,Cob5-GTP,BGSW,MS/NE-VM,ada3kor,muk3kor,rav1kor,sre7kor,MS/ESY-VM,COB-GTP,Gnd,CG-16,SOS4COB,NMN6COB,652AMY,Test,Endurance test ECU,Nexon EV endurance test on ECU,Yes,4.0,6.0,5.0,No,No
32.0,APAC,IN,Coimbatore,Cob5-GTP,BGSW,MS/NE-VM,ada3kor,muk3kor,rav1kor,sre7kor,MS/ESY-VM,COB-GTP,Gnd,CG-17,SOS4COB,NMN6COB,652AMY,Test,Endurance test ECU,Nexon EV endurance test on ECU,No,null,null,null,No,No
33.0,APAC,IN,Coimbatore,Cob5-GTP,BGSW,MS/NE-VM,ada3kor,muk3kor,rav1kor,sre7kor,MS/ESY-VM,COB-GTP,1.0,C-116,SOS4COB,NMN6COB,652AMY,Test,Endurance test ECU,Nexon EV endurance test on ECU,Yes,6.0,5.0,4.0,No,No
34.0,APAC,IN,Coimbatore,Cob5-GTP,BGSW,MS/NE-VM,ada3kor,muk3kor,rav1kor,sre7kor,MS/ESY-VM,COB-GTP,1.0,C-117,SOS4COB,NMN6COB,652AMY,Test,Endurance test ECU,Nexon EV endurance test on ECU,No,null,null,null,No,No
35.0,APAC,IN,Coimbatore,Cob5-GTP,BGSW,MS/NE-VM,ada3kor,muk3kor,ARS1PU9,sre7kor,MS/ESV-VM,COB-GTP,1.0,B-124,SNL6COB,prk4cob,652CYG,Test,Endurance test ECU,Nexon EV endurance test on ECU,No,null,null,null,No,Yes
36.0,APAC,IN,Coimbatore,Cob5-GTP,BGSW,MS/NE-VM,ada3kor,muk3kor,vys2ban,sre7kor,MS/ESC-VM,COB-GTP,2.0,B-221,SNL6COB,ALS2COB,652ALK,Test,Endurance test ECU,Nexon EV endurance test on ECU,No,null,null,null,No,No
37.0,APAC,IN,Coimbatore,Cob5-GTP,BGSW,MS/NE-VM,ada3kor,muk3kor,ami5kor,sre7kor,MS/ESP-VM,COB-GTP,2.0,C-216,SNL6COB,XAG1COB,652CYG,Test,Endurance test ECU,Nexon EV endurance test on ECU,Yes,3.0,3.0,4.0,No,No
38.0,APAC,IN,Coimbatore,Cob5-GTP,BGSW,MS/NE-VM,ada3kor,muk3kor,ami5kor,sre7kor,MS/ESP-VM,COB-GTP,2.0,C-222,SNL6COB,XAG1COB,652CYG,Test,Endurance test ECU,Nexon EV endurance test on ECU,No,null,null,null,No,No
39.0,APAC,IN,Coimbatore,Cob5-GTP,BGSW,MS/NE-VM,ada3kor,muk3kor,AEM1COB,sre7kor,MS/ESG-VM,COB-GTP,3.0,B-324,SNL6COB,SMB2COB,652ALN,Test,Endurance test ECU,Nexon EV endurance test on ECU,No,null,null,null,No,No
40.0,APAC,IN,Coimbatore,Cob5-GTP,BGSW,MS/NE-VM,ada3kor,muk3kor,rka2cob,sre7kor,MS/ETO-VM,COB-GTP,1.0,C-115,SNL6COB,HOA1COB,652HXU,Test,Endurance test ECU,Nexon EV endurance test on ECU,No,null,null,null,No,No
41.0,APAC,IN,Coimbatore,Cob5-GTP,BGSW,NE-PG,ada3kor,muk3kor,MKR3COB,grs2kor,MS/EED-VM,COB-GTP,3.0,C-315,HTZ1COB,BM1COB,652A98,Test,Endurance test ECU,Nexon EV endurance test on ECU,Yes,4.0,2.0,5.0,No,No
42.0,APAC,IN,Coimbatore,Cob5-GTP,BGSW,NE-PG,ada3kor,muk3kor,MKR3COB,grs2kor,MS/EED-VM,COB-GTP,3.0,C-319,EQN1COB,IIW1COB,652A98,Test,Endurance test ECU,Nexon EV endurance test on ECU,Yes,5.0,3.0,3.0,No,No
43.0,APAC,IN,Coimbatore,Cob-SEZ,BGSW,NE-PG,ada3kor,muk3kor,lkr3kor,grs2kor,MS/ENX,SEZ1,Gnd,EG-16,null,VIB3NH,652CYJ,Test,Endurance test ECU,Nexon EV endurance test on ECU,No,null,null,null,No,No
44.0,APAC,IN,Coimbatore,Cob-SEZ,BGSW,NE-PG,ada3kor,muk3kor,lkr3kor,grs2kor,MS/ENX,SEZ1,Gnd,CG-08,GJK1COB,HFI1COB,652CYJ,Test,Endurance test ECU,Nexon EV endurance test on ECU,Yes,8.0,5.0,6.0,No,No
45.0,APAC,IN,Coimbatore,Cob-SEZ,BGSW,NE-PG,ada3kor,muk3kor,lkr3kor,grs2kor,MS/ENX,SEZ1,Gnd,EG-43A,GJK1COB,HFI1COB,652CYJ,Test,Endurance test ECU,Nexon EV endurance test on ECU,Yes,6.0,6.0,7.0,No,No
46.0,APAC,IN,Coimbatore,Cob-SEZ,BGSW,NE-PG,ada3kor,muk3kor,lkr3kor,grs2kor,MS/ENX,SEZ1,4.0,C-407,GJK1COB,HFI1COB,652CYJ,Test,Endurance test ECU,Nexon EV endurance test on ECU,Yes,2.0,7.0,8.0,No,No
47.0,APAC,IN,Coimbatore,Cob-SEZ,BGSW,NE-PG,ada3kor,muk3kor,lkr3kor,grs2kor,MS/ENX,SEZ2,Gnd,SG-04,GJK1COB,HFI1COB,652CYJ,Test,Endurance test ECU,Nexon EV endurance test on ECU,Yes,3.0,7.0,9.0,No,No
48.0,APAC,IN,Coimbatore,Cob-SEZ,BGSW,NE-PG,ada3kor,muk3kor,bas4cob,grs2kor,MS/EEM-PS,SEZ1,Gnd,EG-40,RDH6COB,MAP6COB,652CIX,Test,Endurance test ECU,Nexon EV endurance test on ECU,Yes,6.0,5.0,3.0,No,No
49.0,APAC,IN,Coimbatore,Cob-SEZ,BGSW,NE-PG,ada3kor,muk3kor,bas4cob,grs2kor,MS/EEM-PS,SEZ1,6.0,B-665,AEO1COB,RUC1COB,652CIX,Test,Endurance test ECU,Nexon EV endurance test on ECU,Yes,4.0,4.0,5.0,No,No
50.0,APAC,IN,Coimbatore,Cob-SEZ,BGSW,NE-PG,ada3kor,muk3kor,bas4cob,grs2kor,MS/EEM-PS,SEZ1,6.0,B-665,AEO1COB,RUC1COB,652CIX,Test,Endurance test ECU,Nexon EV endurance test on ECU,Yes,6.0,4.0,3.0,No,No
51.0,APAC,IN,Coimbatore,Cob-SEZ,BGSW,NE-PG,ada3kor,muk3kor,lkr3kor,grs2kor,MS/ENX,SEZ1,Gnd,WG-08,nav4cob,NAS6COB,652CYJ,Test,Endurance test ECU,Nexon EV endurance test on ECU,Yes,7.0,5.0,7.0,No,No
52.0,APAC,IN,Coimbatore,Cob-SEZ,BGSW,NE-PG,ada3kor,muk3kor,bas4cob,grs2kor,MS/EEM-PS,SEZ1,1.0,E-136B,VLJ1COB,BJV1COB,652CIX,Test,Endurance test ECU,Nexon EV endurance test on ECU,Yes,5.0,6.0,3.0,No,No
53.0,APAC,IN,Coimbatore,Cob-SEZ,BGSW,NE-PG,ada3kor,muk3kor,lkr3kor,grs2kor,MS/ENX,SEZ1,Gnd,WG-04,RKR7COB,ADS4COB,652CYJ,Test,Endurance test ECU,Nexon EV endurance test on ECU,Yes,3.0,6.0,4.0,No,Yes
54.0,APAC,IN,Coimbatore,Cob-SEZ,BGSW,NE-PG,ada3kor,muk3kor,lkr3kor,grs2kor,MS/ENX,SEZ1,Gnd,CG-09 &CG-06,RKR7COB,ADS4COB,652CYJ,Test,Endurance test ECU,Nexon EV endurance test on ECU,Yes,6.0,9.0,7.0,No,No
55.0,APAC,IN,Coimbatore,Cob2-ILKG,BGSW,SX/ETH,ada3kor,muk3kor,gud2kor,sag2kor,SX/EHC,ILB,5.0,B-576,OMA2COB,ERO1COB,652AXS,Test,Endurance test ECU,Nexon EV endurance test on ECU,Yes,7.0,9.0,3.0,No,No
56.0,APAC,IN,Coimbatore,Cob2-ILKG,BGSW,SX/ETH,ada3kor,muk3kor,gud2kor,sag2kor,SX/EHC,ILB,5.0,B-577,ARK6COB,MUV2COB,652AXS,Test,Endurance test ECU,Nexon EV endurance test on ECU,Yes,4.0,7.0,4.0,No,No
57.0,APAC,IN,Coimbatore,Cob-SEZ,BGSW,MS/EMS-BST,ada3kor,muk3kor,PUA1COB,sag2kor,MS/EMS-BST,SEZ2,1.0,S-114,IRX1COB,PUS2COB,652T94,Test,Endurance test ECU,Nexon EV endurance test on ECU,Yes,7.0,5.0,7.0,No,No
58.0,APAC,IN,Coimbatore,Cob5-GTP,BGSW,MS/ETH-PG,ada3kor,muk3kor,nak6kor,sag2kor,MS/EMT-MC,COB-GTP,1.0,A-125,RSV2COB,AMF7COB,652CKH,Test,Endurance test ECU,Nexon EV endurance test on ECU,No,null,null,null,No,Yes
59.0,APAC,IN,Coimbatore,Cob5-GTP,BGSW,MS/NE-ETAS,ada3kor,muk3kor,ygr2kor,sag2kor,MS/EBB-ETAS,COB-GTP,1.0,A-125,VBQ1COB,BTA5COB,652BLE,Test,Endurance test ECU,Nexon EV endurance test on ECU,No,null,null,null,No,Yes
60.0,APAC,IN,Coimbatore,Cob5-GTP,BGSW,MS/NE-ETAS,ada3kor,muk3kor,TSY4KOR,sag2kor,MS/EMT-ETAS,COB-GTP,1.0,A-125,VBQ1COB,UGL1COB,652BSX,Test,Endurance test ECU,Nexon EV endurance test on ECU,No,null,null,null,No,Yes
61.0,APAC,IN,Coimbatore,Cob5-GTP,BGSW,MS/NE-ETAS,ada3kor,muk3kor,stt2kor,gom2kor,MS/EBA-ETAS,COB-GTP,1.0,A-125,VBQ1COB,null,652BLI,Test,Endurance test ECU,Nexon EV endurance test on ECU,No,null,null,null,No,Yes
62.0,APAC,IN,Coimbatore,Cob5-GTP,BGSW,MS/NE-ETAS,ada3kor,muk3kor,pbh4kor,sag2kor,MS/EBD-ETAS,COB-GTP,1.0,A-125,VBQ1COB,PSF1COB,652b14,Test,Endurance test ECU,Nexon EV endurance test on ECU,No,null,null,null,No,Yes
63.0,APAC,IN,Coimbatore,Cob5-GTP,BGSW,MS/NE-ETAS,ada3kor,muk3kor,gak2kor,gom2kor,MS/ETA-ETAS,COB-GTP,1.0,A-125,UWS1COB,VAS2KOR,652k03,Test,Endurance test ECU,Nexon EV endurance test on ECU,No,null,null,null,No,Yes
64.0,APAC,IN,Coimbatore,Cob-SEZ ,BGSW,MS/NE-PS,ada3kor,muk3kor,scp2kor,gmk1kor,MS/EHV-PS ,SEZ2,Gnd,NG-11 ,sas6cob,BRF1COB,652S26,Test,Endurance test ECU,Nexon EV endurance test on ECU,No,null,null,null,No,No
65.0,APAC,IN,Coimbatore,Cob-SEZ ,BGSW,MS/NE-PS,ada3kor,muk3kor,scp2kor,gmk1kor,MS/EHV-PS ,SEZ2,Gnd,NG-16,sas6cob,null,652S26,Test,Endurance test ECU,Nexon EV endurance test on ECU,No,null,null,null,No,No
66.0,APAC,IN,Coimbatore,Cob-SEZ ,BGSW,MS/NE-PS,ada3kor,muk3kor,scp2kor,gmk1kor,MS/EHV-PS ,SEZ2,Gnd,SG-17,sas6cob,null,652S26,Test,Endurance test ECU,Nexon EV endurance test on ECU,No,null,null,null,No,No
67.0,APAC,IN,Coimbatore,Cob2-ILKG,BGSW,MS/ENG-BEG,ada3kor,muk3kor,dhb2kor,jup2kor,MS/EBX-BEG,ILB,5.0,A-544,SRT2COB,null,652AVQ,Test,Endurance test ECU,Nexon EV endurance test on ECU,Yes,4.0,4.0,5.0,No,Yes
68.0,APAC,IN,Coimbatore,Cob-SEZ ,BGSW,MS/NE-PS,ada3kor,muk3kor,sog2kor,gmk1kor,MS/EES-PS,SEZ1,4.0,C- 406,GPE1COB,CNB1COB,652Y12,Test,Endurance test ECU,Nexon EV endurance test on ECU,No,null,null,null,No,Yes
69.0,APAC,IN,Coimbatore,Cob-SEZ ,BGSW,MS/NE-PS,ada3kor,muk3kor,arm2kor,gmk1kor,MS/EPJ-PS,SEZ1,4.0,C-406,SSN5COB,LGK1COB,652S70,Test,Endurance test ECU,Nexon EV endurance test on ECU,No,null,null,null,No,Yes
70.0,APAC,IN,Coimbatore,Cob-SEZ ,BGSW,MS/NE-PS,ada3kor,muk3kor,MRU3KOR,gmk1kor,MS/EPV-PS,SEZ1,3.0,C-306,AHK7BAN,SEJ2COB,652D24,Test,Endurance test ECU,Nexon EV endurance test on ECU,No,null,null,null,No,No
71.0,APAC,IN,Coimbatore,Cob-SEZ ,BGSW,MS/NE-PS,ada3kor,muk3kor,hrb2kor,gmk1kor,MS/EEV-PS,SEZ1,3.0,C-307,null,FSV2KOR,652A78,Test,Endurance test ECU,Nexon EV endurance test on ECU,Yes,4.0,2.0,3.0,No,No
72.0,APAC,IN,Coimbatore,Cob-SEZ ,BGSW,MS/EHM,ada3kor,muk3kor,USS2COB,amb2kor,MS/EHM,SEZ2,1.0,N-115,mod1cob,VPI5COB,652AGJ,Test,Endurance test ECU,Nexon EV endurance test on ECU,No,null,null,null,No,No
73.0,APAC,IN,Coimbatore,Cob-SEZ ,BGSW,MS/EHM,ada3kor,muk3kor,USS2COB,amb2kor,MS/EHM,SEZ2,2.0,C-204,mod1cob,VPI5COB,652AGJ,Test,Endurance test ECU,Nexon EV endurance test on ECU,No,null,null,null,No,No
74.0,APAC,IN,Coimbatore,Cob-SEZ ,BGSW,MS/EHM,ada3kor,muk3kor,USS2COB,amb2kor,MS/EHM,SEZ2,1.0,C-111,mod1cob,VPI5COB,652AGJ,Test,Endurance test ECU,Nexon EV endurance test on ECU,No,null,null,null,No,No
75.0,APAC,IN,Coimbatore,Cob-SEZ ,BGSW,MS/NE-PS,ada3kor,muk3kor,rnm2ban,gmk1kor,MS/EET-PS,SEZ1,1.0,E-119,TFG1COB,TTH1COB,652A66,Test,Endurance test ECU,Nexon EV endurance test on ECU,No,null,null,null,No,No
76.0,APAC,IN,Coimbatore,Cob2-ILKG,BGSW,NE-PG,ada3kor,muk3kor,KOY1KOR,grs2kor,MS/EEH,ILB,6.0,A-617,RKB1COB,PFF1COB,652A84,Test,Endurance test ECU,Nexon EV endurance test on ECU,Yes,6.0,2.0,6.0,No,No
77.0,APAC,IN,Coimbatore,Cob-SEZ ,BGSW,MS/NE-PS,ada3kor,muk3kor,KRR5KOR,gmk1kor,MS/ECB-PS,SEZ1,3.0,C-306,FML1COB,XRA2COB,652A18,Test,Endurance test ECU,Nexon EV endurance test on ECU,No,null,null,null,No,No
78.0,APAC,IN,Coimbatore,Cob-SEZ ,BGSW,MS/NE-PS,ada3kor,muk3kor,BAT1KOR,gmk1kor,MS/EMR-PS,SEZ1,2.0,E-236,RSM7COB,WUI1COB,652AQI,Test,Endurance test ECU,Nexon EV endurance test on ECU,No,null,null,null,No,No
79.0,APAC,IN,Coimbatore,Cob-SEZ ,BGSW,MS/NE-PS,ada3kor,muk3kor,knl2kor,gmk1kor,MS/ECD-PS,SEZ1,4.0,C-406,DKB1COB,SFS1COB,652S40,Test,Endurance test ECU,Nexon EV endurance test on ECU,No,null,null,null,No,Yes
80.0,APAC,IN,Coimbatore,Cob-SEZ ,BGSW,NE1-XC,ada3kor,muk3kor,LPR1COB,gom2kor,MS/ECP-XC,SEZ2,Gnd,NG-14,ASN7COB,null,652D14,Test,Endurance test ECU,Nexon EV endurance test on ECU,Yes,7.0,3.0,5.0,No,Yes
81.0,APAC,IN,Coimbatore,Cob-SEZ ,BGSW,NE1-XC,ada3kor,muk3kor,LPR1COB,gom2kor,MS/ECP-XC,SEZ2,Gnd,CG-16,ASN7COB,null,652D14,Test,Endurance test ECU,Nexon EV endurance test on ECU,No,null,null,null,No,Yes
82.0,APAC,IN,Coimbatore,Cob-SEZ ,BGSW,NE1-XC,ada3kor,muk3kor,LPR1COB,gom2kor,MS/ECP-XC,SEZ2,2.0,S-214,ASN7COB,null,652D14,Test,Endurance test ECU,Nexon EV endurance test on ECU,No,null,null,null,No,Yes
83.0,APAC,IN,Coimbatore,Cob-SEZ ,BGSW,MS/NE-PS,ada3kor,muk3kor,dnr2kor,gom2kor,MS/ECJ-PS,SEZ1,3.0,C-308,apc2kor,ubh2kor,652A42,Test,Endurance test ECU,Nexon EV endurance test on ECU,No,null,null,null,No,Yes
84.0,APAC,IN,Coimbatore,Cob-SEZ ,BGSW,NE1-XC,ada3kor,muk3kor,SAM3KOR,gom2kor,MS/ECV-XC,SEZ2,Gnd,NG-24,chc1kor,SAMB1COB,652B08,Test,Endurance test ECU,Nexon EV endurance test on ECU,No,null,null,null,No,null
85.0,APAC,IN,Coimbatore,Cob2-ILKG,BGSW,SX/NE-EM,ada3kor,muk3kor,jac2kor,prs2kor,SX/ETM-EM,ILB,5.0,A-512,TJH1COB,UEA5KOR,652C06,Test,Endurance test ECU,Nexon EV endurance test on ECU,Yes,4.0,4.0,6.0,No,null
86.0,APAC,IN,Coimbatore,Cob2-ILKG,BGSW,SX/NE-EM,ada3kor,muk3kor,jac2kor,prs2kor,SX/ETM-EM,ILB,6.0,B-667,UEA5KOR,TJH1COB,652C06,Test,Endurance test ECU,Nexon EV endurance test on ECU,No,null,null,null,No,null
87.0,APAC,IN,Coimbatore,Cob2-ILKG,BGSW,SX/NE-EM,ada3kor,muk3kor,jac2kor,prs2kor,SX/ETM-EM,ILB,5.0,A-510,UEA5KOR,TJH1COB,652C06,Test,Endurance test ECU,Nexon EV endurance test on ECU,Yes,4.0,6.0,5.0,No,null
88.0,APAC,IN,Coimbatore,Cob-SEZ ,BGSW,MS/NE-PS,ada3kor,muk3kor,rhm2kor,gmk1kor,MS/ECU-PS,SEZ1,3.0,C-308,KDU7COB,IPV2COB,652W96,Test,Endurance test ECU,Nexon EV endurance test on ECU,Yes,7.0,7.0,5.0,No,null
89.0,APAC,IN,Coimbatore,Cob-SEZ ,BGSW,MS/EHM,ada3kor,muk3kor,agg2kor,amb2kor,MS/EHM,SEZ2,2.0,C-208,UJE1COB,FAJ3KOR,652Y74,Test,Endurance test ECU,Nexon EV endurance test on ECU,No,null,null,null,No,null
90.0,APAC,IN,Coimbatore,Cob-SEZ ,BGSW,MS/NE-PS,ada3kor,muk3kor,HPE1KOR,gmk1kor,MS/EFV-PS,SEZ1,3.0,C-306,OHU1COB,QJR1COB,652C06,Test,Endurance test ECU,Nexon EV endurance test on ECU,No,null,null,null,No,null
91.0,APAC,IN,Bangalore,Kor-Kormangala,BGSW,NE-PG,ada3kor,muk3kor,lkr3kor,grs2kor,MS/ENX,905.0,2.0,239.0,GMR1KOR,ani3kor,652CYJ,Test,Endurance test ECU,Nexon EV endurance test on ECU,Yes,4.0,8.0,3.0,No,No
92.0,APAC,IN,Bangalore,Kor-Kormangala,BGSW,NE-PG,ada3kor,muk3kor,BMO6KOR,grs2kor,MS/EEJ-ME,903.0,5.0,507.0,srv6kor,RZN1KOR,652BVW,Test,Endurance test ECU,Nexon EV endurance test on ECU,Yes,4.0,9.0,3.0,No,No
93.0,APAC,IN,Bangalore,Kor-Kormangala,BGSW,NE-PG,ada3kor,muk3kor,BMO6KOR,grs2kor,MS/EEJ-ME,905.0,Gnd,G31,MOL4KOR,EJY1KOR,652W96,Test,Endurance test ECU,Nexon EV endurance test on ECU,Yes,5.0,6.0,5.0,No,No
94.0,APAC,IN,Bangalore,Kor-Kormangala,BGSW,NE-PG,ada3kor,muk3kor,KOG5COB,grs2kor,MS/ENA-MM,903.0,5.0,507.0,PGA2KOR,JPB2KOR,652CYU,Test,Endurance test ECU,Nexon EV endurance test on ECU,Yes,6.0,5.0,4.0,No,No
95.0,APAC,IN,Bangalore,Kor-Kormangala,BGSW,MS/ENG-SDS,ada3kor,muk3kor,null,mcs2ban,MS/EPM-SDS,905.0,4.0,427.0,EJL2KOR,IET2KOR,652Y74,Test,Endurance test ECU,Nexon EV endurance test on ECU,No,null,null,null,No,No
96.0,APAC,IN,Bangalore,Kor-Kormangala,BGSW,BGSW/TE,ada3kor,muk3kor,mbv2kor,ras2kor,BGSW/ETS,905.0,1.0,108.0,NKW2KOR,ESR8KOR,652Y74,Test,Endurance test ECU,Nexon EV endurance test on ECU,No,null,null,null,No,No
97.0,APAC,IN,Bangalore,Kor-Kormangala,BGSW,BGSW/TE,ada3kor,muk3kor,mas2cob,ras2kor,BGSW/PAS,905.0,1.0,112.0,PLF1KOR,null,652W96,Test,Endurance test ECU,Nexon EV endurance test on ECU,No,null,null,null,No,No
98.0,APAC,IN,Bangalore,Kor-Kormangala,BGSW,NE-PG,ada3kor,muk3kor,mpb2kor,grs2kor,MS/ENS-SDS,903.0,5.0,507.0,MPA3KOR,ESR8KOR,652ICG,Test,Endurance test ECU,Nexon EV endurance test on ECU,Yes,6.0,4.0,3.0,No,No
99.0,APAC,IN,Bangalore,Kor-Kormangala,BGSW,NE-PG,ada3kor,muk3kor,bas4cob,grs2kor,MS/EEM,903.0,5.0,507.0,MKA6KOR,DME2KOR,652CIX,Test,Endurance test ECU,Nexon EV endurance test on ECU,Yes,6.0,2.0,2.0,No,No
100.0,APAC,IN,Bangalore,Kor-Kormangala,BGSW,BGSW/TE,ada3kor,muk3kor,sss2kor,ras2kor,BGSW/PJ-AI ,905.0,1.0,130.0,SANZ1KOR,null,652CHQ,Test,Endurance test ECU,Nexon EV endurance test on ECU,No ,null,null,null,No,No
101.0,APAC,IN,Bangalore,Kor-Kormangala,BGSW,BGSW/TE,ada3kor,muk3kor,GRA7KOR,ras2kor,BGSW/ERD,905.0,5.0,541/532,DAW1KOR,null,652AFJ,Test,Endurance test ECU,Nexon EV endurance test on ECU,No,null,null,null,No,Yes
102.0,APAC,IN,Bangalore,Kor-Kormangala,BGSW,SX/ETH ,ada3kor,muk3kor,null,null,SX/EHC,905.0,4.0,409C,ZGY1KOR,BPRA1KOR,652AXS,Test,Endurance test ECU,Nexon EV endurance test on ECU,No,null,null,null,No,No
103.0,APAC,IN,Bangalore,BanM-BANGTP,BGSW,MS/NE-ETAS,ada3kor,muk3kor,stt2kor,ndn2kor,MS/ETA-ETAS,GTP,2.0,A-212,VAS2KOR,OKA6KOR,652BLI,Test,Endurance test ECU,Nexon EV endurance test on ECU,No,null,null,null,No,No
104.0,APAC,IN,Bangalore,BanM-BANGTP,BGSW,MS/NE-ETAS,ada3kor,muk3kor,stt2kor,ndn2kor,MS/EBA-ETAS-VOS,GTP,Gnd,B-003,NSL6KOR,OKA6KOR,652BLI,Test,Endurance test ECU,Nexon EV endurance test on ECU,No,null,null,null,No,No
105.0,APAC,IN,Bangalore,BanM-BANGTP,BGSW,MS/NE-ETAS,ada3kor,muk3kor,stt2kor,ndn2kor,MS/EBA-ETAS-VOS,GTP,2.0,B-211,NSL6KOR,OKA6KOR,652BLI,Test,Endurance test ECU,Nexon EV endurance test on ECU,No,null,null,null,No,No
106.0,APAC,IN,Bangalore,BanM-BANGTP,BGSW,MS/NE-ETAS,ada3kor,muk3kor,ygr2kor,ndn2kor,MS/EVO-ETAS-VOS,GTP,3.0,A-315,NSL6KOR,OKA6KOR,652BLE,Test,Endurance test ECU,Nexon EV endurance test on ECU,No,null,null,null,No,No
107.0,APAC,IN,Bangalore,BanM-BANGTP,BGSW,MS/NE-ETAS,ada3kor,muk3kor,ygr2kor,ndn2kor,MS/EVO-ETAS-VOS,GTP,Gnd,B-003,NSL6KOR,OKA6KOR,652BLE,Test,Endurance test ECU,Nexon EV endurance test on ECU,No,null,null,null,No,No
108.0,APAC,IN,Bangalore,BanM-BANGTP,BGSW,MS/NE-ETAS,ada3kor,muk3kor,ygr2kor,ndn2kor,MS/EVO-ETAS-VOS,GTP,3.0,B-310,NSL6KOR,OKA6KOR,652BLE,Test,Endurance test ECU,Nexon EV endurance test on ECU,No,null,null,null,No,No
109.0,APAC,IN,Bangalore,BanM-BANGTP,BGSW,MS/NE-ETAS,ada3kor,muk3kor,ygr2kor,ndn2kor,MS/EVO-ETAS-VOS,GTP,1.0,B-112,NSL6KOR,OKA6KOR,652BLE,Test,Endurance test ECU,Nexon EV endurance test on ECU,Yes,5.0,3.0,4.0,No,No
110.0,APAC,IN,Bangalore,BanM-BANGTP,BGSW,MS/NE-PS,ada3kor,muk3kor,LSH3KOR,gmk1kor,MS/EPT-PS,GTP,1.0,C-122,UNM5KOR,LWN1KOR,652V96,Test,Endurance test ECU,Nexon EV endurance test on ECU,Yes,4.0,5.0,5.0,No,null
111.0,APAC,IN,Bangalore,BanM-BANGTP,BGSW,MS/NE-PS,ada3kor,muk3kor,LSH3KOR,gmk1kor,MS/EPT-PS,GTP,2.0,C-204,UNM5KOR,LWN1KOR,652V96,Test,Endurance test ECU,Nexon EV endurance test on ECU,Yes,3.0,6.0,6.0,No,null
112.0,APAC,IN,Bangalore,BanM-BANGTP,BGSW,MS/NE-ETAS,ada3kor,muk3kor,hpu2kor,gmk1kor,MS/EDV-ETAS,GTP,3.0,C-319,UDK3KOR,GGO4KOR,652K03,Test,Endurance test ECU,Nexon EV endurance test on ECU,No ,null,null,null,No,Yes
113.0,APAC,IN,Bangalore,BanM-BANGTP,BGSW,MS/ETH-PG,ada3kor,muk3kor,max2kor,ndn2kor,MS/ETB-PS ,GTP,3.0,C-319,QSD1COB,GMA4KOR,652D18,Test,Endurance test ECU,Nexon EV endurance test on ECU,No,null,null,null,No,null
114.0,APAC,IN,Bangalore,BanM-BANGTP,BGSW,MS/NE-ETAS,ada3kor,muk3kor,gak2kor,ndn2kor,MS/ETA-ETAS,GTP,null,A-12,DAR3KOR,MYP1KOR,652K03,Test,Endurance test ECU,Nexon EV endurance test on ECU,No ,null,null,null,No,No
115.0,APAC,IN,Bangalore,BanM-BANGTP,BGSW,MS/NE-ETAS,ada3kor,muk3kor,gak2kor,ndn2kor,MS/ETA-ETAS,GTP,1.0,A-106,EKN1KOR,MYP1KOR,652K03,Test,Endurance test ECU,Nexon EV endurance test on ECU,No ,null,null,null,No,No
116.0,APAC,IN,Bangalore,Bani-ADUGODI,BGSW,NE1-XC,ada3kor,muk3kor,SAM3KOR,gom2kor,MS/ECV-XC,603.0,14.0,603-1405,chc1kor,nac5kor,652B08,Test,Endurance test ECU,Nexon EV endurance test on ECU,Yes,2.0,8.0,7.0,No,null
117.0,APAC,IN,Bangalore,Bani-ADUGODI,BGSW,NE1-XC,ada3kor,muk3kor,USA8KOR,gom2kor,MS/ECF-XC,603.0,7.0,603-705,ESB5KOR,MBN2KOR,652B02,Test,Endurance test ECU,Nexon EV endurance test on ECU,Yes,1.0,7.0,8.0,No,null
118.0,APAC,IN,Bangalore,Bani-ADUGODI,BGSW,NE1-XC,ada3kor,muk3kor,rma2kor,gom2kor,MS/ECA-XC,603.0,8.0,603-805,MHU5KOR,rma2kor,652B20,Test,Endurance test ECU,Nexon EV endurance test on ECU,Yes,1.0,5.0,3.0,No,null
119.0,APAC,IN,Bangalore,Bani-ADUGODI,BGSW,NE1-XC,ada3kor,muk3kor,vhs2kor,gom2kor,MS/ECO-XC,603.0,10.0,603-1005,SBS5KOR,null,652W82,Test,Endurance test ECU,Nexon EV endurance test on ECU,Yes,3.0,5.0,9.0,No,null
120.0,APAC,IN,Bangalore,Bani-ADUGODI,BGSW,NE1-XC,ada3kor,muk3kor,LPR1COB,gom2kor,MS/ECP-XC,603.0,9.0,603-905,SRF3KOR,NHD5KOR,652D14,Test,Endurance test ECU,Nexon EV endurance test on ECU,Yes,3.0,3.0,6.0,No,null
121.0,APAC,IN,Bangalore,Bani-ADUGODI,BGSW,NE1-XC,ada3kor,muk3kor,sua2kor,gom2kor,MS/ECQ-XC,603.0,12.0,603-1205,MHU5KOR,sua2kor,652AGL,Test,Endurance test ECU,Nexon EV endurance test on ECU,Yes,5.0,3.0,4.0,No,null
122.0,APAC,IN,Bangalore,Bani-ADUGODI,BGSW,NE1-XC,ada3kor,muk3kor,jpn2kor,gom2kor,MS/ECS-XC,603.0,6.0,603-605,MBN2KOR,jpn2kor,652P50,Test,Endurance test ECU,Nexon EV endurance test on ECU,Yes,5.0,5.0,3.0,No,null
123.0,APAC,IN,Bangalore,Bani-ADUGODI,BGSW,NE1-XC,ada3kor,muk3kor,bds2kor,gom2kor,MS/EXD-XC,603.0,13.0,603-1305,MBN2KOR,null,652BXX,Test,Endurance test ECU,Nexon EV endurance test on ECU,Yes,7.0,7.0,2.0,No,null
124.0,APAC,IN,Bangalore,Bani-ADUGODI,BGSW,NE1-XC,ada3kor,muk3kor,sas2kor,gom2kor,MS/ECG-XC,603.0,11.0,603-1105,csb2kor,null,652BRI,Test,Endurance test ECU,Nexon EV endurance test on ECU,Yes,7.0,8.0,3.0,No,null
125.0,APAC,IN,Bangalore,Bani-ADUGODI,BGSW,NE1-XC,ada3kor,muk3kor,sas2kor,gom2kor,MS/ECG-XC,603.0,12.0,603-1205,csb2kor,paj2kor,652BRI,Test,Endurance test ECU,Nexon EV endurance test on ECU,Yes,8.0,8.0,5.0,No,null
126.0,APAC,IN,Bangalore,Bani-ADUGODI,BGSW,NE2-XC,ada3kor,muk3kor,ksi2kor,sag2kor,MS/ESM-XC,602.0,1.0,602-115,SCX1KOR,ISF2KOR,652X96,Test,Endurance test ECU,Nexon EV endurance test on ECU,No,null,null,null,No,null
127.0,APAC,IN,Bangalore,Bani-ADUGODI,BGSW,NE2-XC,ada3kor,muk3kor,ksi2kor,sag2kor,MS/ESM-XC,602.0,2.0,602-216,NWP2KOR,SCX1KOR,652X96,Test,Endurance test ECU,Nexon EV endurance test on ECU,Yes,7.0,6.0,6.0,No,null
128.0,APAC,IN,Bangalore,Bani-ADUGODI,BGSW,NE2-XC,ada3kor,muk3kor,ksi2kor,sag2kor,MS/ESM-XC,602.0,2.0,602-229,SCX1KOR,MOW4KOR,652X96,Test,Endurance test ECU,Nexon EV endurance test on ECU,No,null,null,null,No,null
129.0,APAC,IN,Bangalore,Bani-ADUGODI,BGSW,NE2-XC,ada3kor,muk3kor,ksi2kor,sag2kor,MS/ESM-XC,602.0,3.0,602-317,MOW4KOR,SCX1KOR,652X96,Test,Endurance test ECU,Nexon EV endurance test on ECU,No,null,null,null,No,null
130.0,APAC,IN,Bangalore,Bani-ADUGODI,BGSW,NE2-XC,ada3kor,muk3kor,ksi2kor,sag2kor,MS/ESM-XC,602.0,3.0,602-319,NWP2KOR,DYD1KOR,652X96,Test,Endurance test ECU,Nexon EV endurance test on ECU,No,null,null,null,No,null
131.0,APAC,IN,Bangalore,Bani-ADUGODI,BGSW,NE2-XC,ada3kor,muk3kor,ksi2kor,sag2kor,MS/ESM-XC,602.0,3.0,602-325,ISF2KOR,null,652X96,Test,Endurance test ECU,Nexon EV endurance test on ECU,Yes,6.0,4.0,3.0,No,null
132.0,APAC,IN,Bangalore,Bani-ADUGODI,BGSW,NE2-XC,ada3kor,muk3kor,ksi2kor,sag2kor,MS/ESM-XC,602.0,4.0,602-416,DYD1KOR,SCX1KOR,652X96,Test,Endurance test ECU,Nexon EV endurance test on ECU,Yes,5.0,2.0,7.0,No,null
133.0,APAC,IN,Bangalore,Bani-ADUGODI,BGSW,NE2-XC,ada3kor,muk3kor,ksi2kor,sag2kor,MS/ESM-XC,602.0,4.0,602-418,DYD1KOR,SCX1KOR,652X96,Test,Endurance test ECU,Nexon EV endurance test on ECU,No,null,null,null,No,null
134.0,APAC,IN,Bangalore,Bani-ADUGODI,BGSW,NE3-XC,ada3kor,muk3kor,WTN2KOR,BPH4KOR,MS/EPH-XC,601.0,Gnd,601-G14,AGU2KOR,UNP2KOR,652IFY,Test,Endurance test ECU,Nexon EV endurance test on ECU,No,null,null,null,No,null
135.0,APAC,IN,Bangalore,Bani-ADUGODI,BGSW,MS/NE-PS,ada3kor,muk3kor,rnm2ban,sag2kor,MS/EET-PS,605.0,4.0,605-411,null,HMH5KOR,652A66,Test,Endurance test ECU,Nexon EV endurance test on ECU,Yes,4.0,1.0,8.0,No,null
136.0,APAC,IN,Bangalore,BanO-OMTP,BGSW,MS/ENG-SDS,ada3kor,muk3kor,mcs2ban,mcs2ban,MS/EBM-SDS,null,5.0,525.0,mcs2ban,null,652ATA,Test,Endurance test ECU,Nexon EV endurance test on ECU,No,null,null,null,No,null
137.0,APAC,IN,Bangalore,BanO-OMTP,BGSW,NE-PG,ada3kor,muk3kor,BMO6KOR,grs2kor,MS/EEJ,null,Gnd,2B-08,FKT1KOR,null,652D48,Test,Endurance test ECU,Nexon EV endurance test on ECU,Yes,3.0,1.0,9.0,No,No
138.0,APAC,IN,Bangalore,Bani-ADUGODI,BGSW,MS/NE-PS,ada3kor,muk3kor,KRR5KOR,gom2kor,MS/ECB-PS,605.0,3.0,605-327,FML1COB,BZN1KOR,652A18,Test,Endurance test ECU,Nexon EV endurance test on ECU,Yes,2.0,1.0,3.0,No,null
139.0,APAC,IN,Bangalore,Bani-ADUGODI,BGSW,MS/NE-PS,ada3kor,muk3kor,rhm2kor,amb2kor,MS/ECU-PS,605.0,4.0,605-425,NAM9KOR,IMB3KOR,652A48,Test,Endurance test ECU,Nexon EV endurance test on ECU,No,null,null,null,No,null
140.0,APAC,IN,Bangalore,Bani-ADUGODI,BGSW,MS/NE-PS,ada3kor,muk3kor,viy2kor,gom2kor,MS/EEI-PS,605.0,4.0,605-425,IVP1KOR,APEP1KOR,652A54,Test,Endurance test ECU,Nexon EV endurance test on ECU,No,null,null,null,No,null
141.0,APAC,IN,Bangalore,Bani-ADUGODI,BGSW,MS/NE-PS,ada3kor,muk3kor,hrb2kor,gmk1kor,MS/EEV-PS,605.0,2.0,605-224,GVI2BAN,NJM3KOR,652A78,Test,Endurance test ECU,Nexon EV endurance test on ECU,Yes,2.0,3.0,3.0,No,null
142.0,APAC,IN,Bangalore,Bani-ADUGODI,BGSW,MS/NE-PS,ada3kor,muk3kor,LSH3KOR,gmk1kor,MS/EPT-PS,605.0,null,605-001-004,LDC1KOR,QRA2KOR,652V96,Test,Endurance test ECU,Nexon EV endurance test on ECU,No,null,null,null,No,null
143.0,APAC,IN,Bangalore,Bani-ADUGODI,BGSW,MS/NE-PS,ada3kor,muk3kor,HPE1KOR,gmk1kor,MS/EFV-PS,605.0,3.0,605-327,HRR4KOR,CKS3KOR,652AHX,Test,Endurance test ECU,Nexon EV endurance test on ECU,No,null,null,null,No,null
144.0,APAC,IN,Bangalore,Bani-ADUGODI,BGSW,MS/NE-PS,ada3kor,muk3kor,HPE1KOR,gmk1kor,MS/EFV-PS,605.0,3.0,605-311,LYV1KOR,GKC1KOR,652AHX,Test,Endurance test ECU,Nexon EV endurance test on ECU,No,null,null,null,No,null
145.0,APAC,IN,Bangalore,Bani-ADUGODI,BGSW,MS/NE-PS,ada3kor,muk3kor,MRU3KOR,gmk1kor,MS/EPV-PS,605.0,Gnd,605-013,AHK7BAN,HSX1KOR,652D24,Test,Endurance test ECU,Nexon EV endurance test on ECU,No,null,null,null,No,null
146.0,APAC,IN,Bangalore,Bani-ADUGODI,BGSW,MS/NE-PS,ada3kor,muk3kor,dnr2kor,gmk1kor,MS/ECJ-PS,605.0,1.0,605-127,apc2kor,ubh2kor,652A42,Test,Endurance test ECU,Nexon EV endurance test on ECU,Yes,3.0,6.0,5.0,No,null
147.0,APAC,IN,Bangalore,Bani-ADUGODI,BGSW,MS/NE-PS,ada3kor,muk3kor,ssc2kor,gmk1kor,MS/EEP-PS,605.0,3.0,605-311,ABK5KOR,MWW1KOR,652A36,Test,Endurance test ECU,Nexon EV endurance test on ECU,Yes,5.0,6.0,4.0,No,null
148.0,APAC,IN,Bangalore,Bani-ADUGODI,BGSW,MS/NE-PS,ada3kor,muk3kor,sog2kor,gmk1kor,MS/ESS-PS,605.0,1.0,605-111,MGO5KOR,CMA4KOR,652Y12,Test,Endurance test ECU,Nexon EV endurance test on ECU,No,null,null,null,No,null
149.0,APAC,IN,Bangalore,Bani-ADUGODI,BGSW,MS/NE-PS,ada3kor,muk3kor,rhm2kor,gmk1kor,MS/ECU-PS,605.0,5.0,605-511A,NAM9KOR,AXX2KOR,652A48,Test,Endurance test ECU,Nexon EV endurance test on ECU,Yes,6.0,7.0,3.0,No,null
150.0,APAC,IN,Bangalore,Bani-ADUGODI,BGSW,MS/NE-PS,ada3kor,muk3kor,rhm2kor,gmk1kor,MS/ECU-PS,605.0,5.0,605-511B,NAM9KOR,AXX2KOR,652A48,Test,Endurance test ECU,Nexon EV endurance test on ECU,Yes,7.0,8.0,5.0,No,null
151.0,APAC,IN,Bangalore,Bani-ADUGODI,BGSW,MS/NE-PS,ada3kor,muk3kor,rhm2kor,gmk1kor,MS/ECU-PS,605.0,5.0,605-527A,NAM9KOR,WDV1KOR,652A48,Test,Endurance test ECU,Nexon EV endurance test on ECU,Yes,8.0,9.0,7.0,No,null
152.0,APAC,IN,Bangalore,Bani-ADUGODI,BGSW,MS/NE-PS,ada3kor,muk3kor,rhm2kor,gmk1kor,MS/ECU-PS,605.0,5.0,605-527B,NAM9KOR,WDV1KOR,652A48,Test,Endurance test ECU,Nexon EV endurance test on ECU,Yes,9.0,0.0,5.0,No,null
153.0,APAC,IN,Bangalore,Bani-ADUGODI,BGSW,MS/NE-PS,ada3kor,muk3kor,stb2kor,gmk1kor,MS/EES-PS,605.0,Gnd,605-GF-004,BPT4KOR,NLK5KOR,652A72,Test,Endurance test ECU,Nexon EV endurance test on ECU,NO,null,null,null,No,null
154.0,APAC,IN,Bangalore,Bani-ADUGODI,BGSW,MS/NE-PS,ada3kor,muk3kor,hrb2kor,gmk1kor,MS/EEV-PS,605.0,2.0,605-208,GVI2BAN,LHV3KOR,652A78,Test,Endurance test ECU,Nexon EV endurance test on ECU,Yes,9.0,7.0,3.0,No,null
155.0,APAC,IN,Bangalore,Bani-ADUGODI,BGSW,MS/NE-VM,ada3kor,muk3kor,paa1cob,sre7kor,MS/EBM-VM,602.0,5.0,602-517,HMT5KOR,FE1KOR,652ATG,Test,Endurance test ECU,Nexon EV endurance test on ECU,Yes,8.0,6.0,3.0,No,No
156.0,APAC,IN,Bangalore,Bani-ADUGODI,BGSW,MS/NE-VM,ada3kor,muk3kor,paa1cob,sre7kor,MS/EBM-VM,602.0,5.0,602-519,HMT5KOR,FE1KOR,652ATG,Test,Endurance test ECU,Nexon EV endurance test on ECU,No,null,null,null,No,No
157.0,APAC,IN,Bangalore,Bani-ADUGODI,BGSW,MS/NE-VM,ada3kor,muk3kor,paa1cob,sre7kor,MS/EBM-VM,602.0,6.0,602-616,HMT5KOR,FE1KOR,652ATG,Test,Endurance test ECU,Nexon EV endurance test on ECU,Yes,6.0,5.0,7.0,No,No
158.0,APAC,IN,Bangalore,Bani-ADUGODI,BGSW,MS/NE-VM,ada3kor,muk3kor,paa1cob,sre7kor,MS/EBM-VM,602.0,7.0,602-717,HMT5KOR,FE1KOR,652ATG,Test,Endurance test ECU,Nexon EV endurance test on ECU,No,null,null,null,No,No
159.0,APAC,IN,Bangalore,Bani-ADUGODI,BGSW,MS/NE-VM,ada3kor,muk3kor,paa1cob,sre7kor,MS/EBM-VM,602.0,7.0,602-719,HMT5KOR,FE1KOR,652ATG,Test,Endurance test ECU,Nexon EV endurance test on ECU,Yes,5.0,4.0,3.0,No,No
160.0,APAC,IN,Bangalore,Bani-ADUGODI,BGSW,NE-PG,ada3kor,muk3kor,MKR3COB,grs2kor,MS/EED,602.0,8.0,602-828,KOL4KOR,ARQ3KOR,652A98,Test,Endurance test ECU,Nexon EV endurance test on ECU,Yes,3.0,3.0,3.0,No,No
161.0,APAC,IN,Bangalore,Bani-ADUGODI,BGSW,NE-PG,ada3kor,muk3kor,MKR3COB,grs2kor,MS/EED,602.0,7.0,602-727,PXG1KOR,null,652A98,Test,Endurance test ECU,Nexon EV endurance test on ECU,No,null,null,null,No,No
162.0,APAC,IN,Bangalore,Bani-ADUGODI,BGSW,MS/NE-PS,ada3kor,muk3kor,mmr1kor,gmk1kor,MS/EIS-PS,602.0,8.0,602-827,dmv2kor,null,652S55,Test,Endurance test ECU,Nexon EV endurance test on ECU,No,null,null,null,No,null
163.0,APAC,IN,Bangalore,Bani-ADUGODI,BGSW,NE-PG,ada3kor,muk3kor,ssg4kor,grs2kor,MS/EMH,602.0,4.0,602-426,BTK5KOR,null,652AJA,Test,Endurance test ECU,Nexon EV endurance test on ECU,Yes,4.0,3.0,7.0,No,No
164.0,APAC,IN,Bangalore,Bani-ADUGODI,BGSW,NE-PG,ada3kor,muk3kor,lkr3kor,grs2kor,MS/ENX,602.0,8.0,602-817,CRW1KOR,null,652CYJ,Test,Endurance test ECU,Nexon EV endurance test on ECU,No,null,null,null,No,No
165.0,APAC,IN,Bangalore,Bani-ADUGODI,BGSW,MS/NE-PS,ada3kor,muk3kor,rat2kor,gmk1kor,MS/EAD-AE,602.0,Gnd,602-G18,NNM3KOR,null,652X55,Test,Endurance test ECU,Nexon EV endurance test on ECU,No,null,null,null,No,null
166.0,APAC,IN,Bangalore,Bani-ADUGODI,BGSW,MS/ENG-SDS,ada3kor,muk3kor,mcs2ban,mcs2ban,MS/EBM-SDS,602.0,8.0,602-826,null,null,652ATA,Test,Endurance test ECU,Nexon EV endurance test on ECU,No,null,null,null,No,null
167.0,APAC,IN,Bangalore,Bani-ADUGODI,BGSW,NE2-XC,ada3kor,muk3kor,msj2kor,sag2kor,MS/EVC-RB-XC,602.0,5.0,602-525,MOW4KOR,null,652IAL,Test,Endurance test ECU,Nexon EV endurance test on ECU,No,null,null,null,No,null
168.0,APAC,IN,Bangalore,Bani-ADUGODI,BGSW,MS/NE-VM,ada3kor,muk3kor,MHM4KOR,sre7kor,MS/EOP-VM,601.0,5.0,601-502,ak71kor,null,652X24,Test,Endurance test ECU,Nexon EV endurance test on ECU,No,null,null,null,No,No
169.0,APAC,IN,Bangalore,Bani-ADUGODI,BGSW,NE-PG,ada3kor,muk3kor,lkr3kor,grs2kor,MS/ENX,601.0,Gnd,601-G12,HWU2KOR,null,652CYJ,Test,Endurance test ECU,Nexon EV endurance test on ECU,Yes,5.0,5.0,4.0,No,No
170.0,APAC,IN,Bangalore,Bani-ADUGODI,BGSW,NE-PG,ada3kor,muk3kor,lkr3kor,grs2kor,MS/ENX,601.0,Gnd,601-G13,GMR1KOR,null,652CYJ,Test,Endurance test ECU,Nexon EV endurance test on ECU,No,null,null,null,No,No
171.0,APAC,IN,Bangalore,Bani-ADUGODI,BGSW,NE2-XC,ada3kor,muk3kor,ksi2kor,sag2kor,MS/ESM-XC,601.0,Gnd,601-G14,ISF2KOR,null,652X96,Test,Endurance test ECU,Nexon EV endurance test on ECU,No,null,null,null,No,null
172.0,APAC,IN,Bangalore,Bani-ADUGODI,BGSW,MS/NE-VM,ada3kor,muk3kor,MHM4KOR,sre7kor,MS/EOP-VM,601.0,6.0,601-605,ak71kor,null,652X24,Test,Endurance test ECU,Nexon EV endurance test on ECU,No,null,null,null,No,No
173.0,APAC,IN,Bangalore,Bani-ADUGODI,BGSW,MS/NE-VM,ada3kor,muk3kor,MHM4KOR,sre7kor,MS/EOP-VM,601.0,7.0,601-702,ak71kor,null,652X24,Test,Endurance test ECU,Nexon EV endurance test on ECU,No,null,null,null,No,No
174.0,APAC,IN,Bangalore,Bani-ADUGODI,BGSW,MS/NE-PS,ada3kor,muk3kor,mmr1kor,gmk1kor,MS/EIS-PS,601.0,2.0,601-205,dmv2kor,null,652S55,Test,Endurance test ECU,Nexon EV endurance test on ECU,No,null,null,null,No,null
175.0,APAC,IN,Bangalore,Bani-ADUGODI,BGSW,2WP,ada3kor,muk3kor,rcd2kor,ask2kor,MS/EPS-2WP,601.0,5.0,601-503,srh6kor,null,652IGE,Test,Endurance test ECU,Nexon EV endurance test on ECU,No,null,null,null,No,null
176.0,APAC,IN,Bangalore,Bani-ADUGODI,BGSW,MS/ECE,ada3kor,muk3kor,ais2kor,ais2kor,MS/ECE,601.0,3.0,601-302,IJA6KOR,null,652BOP,Test,Endurance test ECU,Nexon EV endurance test on ECU,No,null,null,null,No,null
177.0,APAC,IN,Bangalore,Bani-ADUGODI,BGSW,NE-PG,ada3kor,muk3kor,bas4cob,grs2kor,MS/EEM,601.0,Gnd,601-G12B,MTA4KOR,null,652CIX,Test,Endurance test ECU,Nexon EV endurance test on ECU,Yes,7.0,6.0,6.0,No,No
178.0,APAC,IN,Bangalore,Bani-ADUGODI,BGSW,NE-PG,ada3kor,muk3kor,BRS4KOR,grs2kor,MS/EEE,601.0,null,601-High Voltage,ZGK1KOR,null,652AUF,Test,Endurance test ECU,Nexon EV endurance test on ECU,No,null,null,null,No,No
179.0,APAC,IN,Bangalore,Bani-ADUGODI,BGSW,MS/NE-PS,ada3kor,muk3kor,scp2kor,gmk1kor,MS/EHV-PS,601.0,1.0,601-102B,EHD1KOR,null,652S26,Test,Endurance test ECU,Nexon EV endurance test on ECU,No,null,null,null,No,null
180.0,APAC,IN,Bangalore,Bani-ADUGODI,BGSW,CS,ada3kor,muk3kor,jas2kor,rek2kor,MS/PAC-PJE,601.0,4.0,601-402,TUK5KOR,null,652AQB,Test,Endurance test ECU,Nexon EV endurance test on ECU,No,null,null,null,No,null
181.0,APAC,IN,Bangalore,Bani-ADUGODI,BGSW,CS,ada3kor,muk3kor,jas2kor,rek2kor,MS/PAC-PJE,601.0,4.0,601-411,TUK5KOR,null,652AQB,Test,Endurance test ECU,Nexon EV endurance test on ECU,No,null,null,null,No,null
182.0,APAC,IN,Bangalore,Bani-ADUGODI,BGSW,NE1-XC,ada3kor,muk3kor,SBS5KOR,gom2kor,MS/ECZ-XC,603.0,6.0,603-605,MBN2KOR,null,652BWI,Test,Endurance test ECU,Nexon EV endurance test on ECU,Yes,8.0,7.0,4.0,No,null
183.0,APAC,IN,Bangalore,Bani-ADUGODI,BGSW,MS/EHM,ada3kor,muk3kor,vjl2kor,amb2kor,MS/EHM,603.0,13.0,603-1305,nac5kor,null,652AFM,Test,Endurance test ECU,Nexon EV endurance test on ECU,No,null,null,null,No,null
184.0,APAC,IN,Bangalore,Bani-ADUGODI,BGSW,NE1-XC,ada3kor,muk3kor,sdb2kor,gom2kor,MS/ECR-XC,603.0,14.0,603-1405,chc1kor,null,652ATR,Test,Endurance test ECU,Nexon EV endurance test on ECU,Yes,8.0,8.0,2.0,No,null
185.0,APAC,IN,Bangalore,BanO-OMTP,BGSW,NE2-XC,ada3kor,muk3kor,nrn2kor,sag2kor,MS/EVC-PA-XC,null,9.0,914B,PGK5KOR,null,652BRX,Test,Endurance test ECU,Nexon EV endurance test on ECU,Yes,6.0,7.0,6.0,No,null
186.0,APAC,IN,Bangalore,BanO-OMTP,BGSW,MS/NE-PS,ada3kor,muk3kor,rat2kor,sag2kor,MS/EAD-EM,null,null,4A-07-ZA, ZB, ZC,NNM3KOR,null,652X55,Test,Endurance test ECU,Nexon EV endurance test on ECU,No,null,null,null,No,null
187.0,APAC,IN,Bangalore,BanO-OMTP,BGSW,MS/NE-PS,ada3kor,muk3kor,rat2kor,gmk1kor,MS/EAD-EM,null,null,1A-07-Lab,NNM3KOR,null,652X55,Test,Endurance test ECU,Nexon EV endurance test on ECU,No,null,null,null,No,null
188.0,APAC,IN,Bangalore,BanO-OMTP,BGSW,MS/NE-PS,ada3kor,muk3kor,rat2kor,gmk1kor,MS/EAD-EM,null,null,2B-08-Lab,NNM3KOR,null,652X55,Test,Endurance test ECU,Nexon EV endurance test on ECU,No,null,null,null,No,null
189.0,APAC,IN,Bangalore,BanO-OMTP,BGSW,SX/NE-EM,ada3kor,muk3kor,prl1kor,prs2kor,SX/EDC,null,null,GA-06-ZA, ZB,SKI6KOR,null,652W96,Test,Endurance test ECU,Nexon EV endurance test on ECU,Yes,5.0,5.0,3.0,No,null
190.0,APAC,IN,Bangalore,BanO-OMTP,BGSW,MS/NE-PS,ada3kor,muk3kor,rat2kor,gmk1kor,MS/EAD-EM,null,null,GB-06,NNM3KOR,null,652X55,Test,Endurance test ECU,Nexon EV endurance test on ECU,No,null,null,null,No,null
191.0,APAC,IN,Bangalore,BanO-OMTP,BGSW,NE2-XC,ada3kor,muk3kor,nrn2kor,sag2kor,MS/EVC-PA-XC,null,6.0,603A,PGK5KOR,null,652BRX,Test,Endurance test ECU,Nexon EV endurance test on ECU,No,null,null,null,No,null
192.0,APAC,IN,Bangalore,BanO-OMTP,BGSW,MS/NE-PS,ada3kor,muk3kor,srh1kor,gmk1kor,MS/ECC-PS,null,6.0,617A,null,null,652A24,Test,Endurance test ECU,Nexon EV endurance test on ECU,No,null,null,null,No,null
193.0,APAC,IN,Bangalore,BanO-OMTP,BGSW,MS/NE-PS,ada3kor,muk3kor,srh1kor,gmk1kor,MS/ECC-PS,null,6.0,626B,null,null,652A24,Test,Endurance test ECU,Nexon EV endurance test on ECU,No,null,null,null,No,null
194.0,APAC,IN,Bangalore,BanO-OMTP,BGSW,MS/NE-PS,ada3kor,muk3kor,srh1kor,gmk1kor,MS/ECC-PS,null,6.0,636B,null,null,652A24,Test,Endurance test ECU,Nexon EV endurance test on ECU,No,null,null,null,No,null
195.0,APAC,IN,Bangalore,BanO-OMTP,BGSW,MS/NE-PS,ada3kor,muk3kor,rnm2ban,gmk1kor,MS/EET-PS,null,6.0,630B,null,null,652A66,Test,Endurance test ECU,Nexon EV endurance test on ECU,No,null,null,null,No,null
196.0,APAC,IN,Bangalore,BanO-OMTP,BGSW,MS/NE-PS,ada3kor,muk3kor,mmr1kor,gmk1kor,MS/EPK-PS,null,6.0,617B,CJU2KOR,null,652S55,Test,Endurance test ECU,Nexon EV endurance test on ECU,No,null,null,null,No,null
197.0,APAC,IN,Bangalore,BanO-OMTP,BGSW,MS/NE-PS,ada3kor,muk3kor,srh1kor,gmk1kor,MS/ECC-PS,null,6.0,620A,GVK2KOR,null,652A24,Test,Endurance test ECU,Nexon EV endurance test on ECU,No,null,null,null,No,null
198.0,APAC,IN,Bangalore,BanO-OMTP,BGSW,NE-PG,ada3kor,muk3kor,GAM3KOR,grs2kor,MS/ENH,null,3.0,3F-333/NVH Lab,null,null,652V61,Test,Endurance test ECU,Nexon EV endurance test on ECU,No,null,null,null,No,No
199.0,APAC,IN,Bangalore,BanO-OMTP,BGSW,NE-PG,ada3kor,muk3kor,prc1kor,grs2kor,MS/ENA,null,3.0,3F-302/DC AT Lab,HAA4KOR,null,652CYU,Test,Endurance test ECU,Nexon EV endurance test on ECU,No,null,null,null,No,No
200.0,APAC,IN,Bangalore,BanO-OMTP,BGSW,MS/NE-PS,ada3kor,muk3kor,vgy1kor,prs2kor,SX/EAA,null,3.0,3F-328,MKM8KOR,null,652439.0,Test,Endurance test ECU,Nexon EV endurance test on ECU,No,null,null,null,No,null
201.0,APAC,IN,Bangalore,BanO-OMTP,BGSW,NE-PG,ada3kor,muk3kor,pkn2kor,grs2kor,MS/EEX-XC,null,6.0,603B,null,null,652CYZ,Test,Endurance test ECU,Nexon EV endurance test on ECU,Yes,4.0,5.0,6.0,No,No
202.0,APAC,IN,Bangalore,BanO-OMTP,BGSW,NE2-XC,ada3kor,muk3kor,SAG2KOR,sag2kor,MS/EVC-PA-XC,null,Gnd,GB-05,PGK5KOR,null,652460.0,Test,Endurance test ECU,Nexon EV endurance test on ECU,No,null,null,null,No,null
203.0,APAC,IN,Bangalore,BanO-OMTP,BGSW,SX/NE-EM,ada3kor,muk3kor,PRN7COB,prs2kor,SX/EPE,null,3.0,303.0,SJR1KOR,null,652Y74,Test,Endurance test ECU,Nexon EV endurance test on ECU,Yes,3.0,4.0,3.0,No,null
204.0,APAC,IN,Bangalore,BanO-OMTP,BGSW,SX/NE-EM,ada3kor,muk3kor,kms1kor,prs2kor,SX/EHT,null,3.0,3F-307/BSH Lab,BGS5KOR,null,652C06,Test,Endurance test ECU,Nexon EV endurance test on ECU,No,null,null,null,No,null
205.0,APAC,IN,Bangalore,BanO-OMTP,BGSW,SX/NE-EM,ada3kor,muk3kor,kms1kor,prs2kor,SX/ETP ,null,3.0,3F-330/TT Lab,ERM5KOR,null,652C06,Test,Endurance test ECU,Nexon EV endurance test on ECU,No,null,null,null,No,null
206.0,APAC,IN,Bangalore,BanO-OMTP,BGSW,SX/NE-EM,ada3kor,muk3kor,sul2kor,prs2kor,SX-PJ-EM,null,3.0,3F-331/Robotics Lab,null,null,652BVW,Test,Endurance test ECU,Nexon EV endurance test on ECU,No,null,null,null,No,null
207.0,APAC,IN,Bangalore,BanO-OMTP,BGSW,SX/NE-EM,ada3kor,muk3kor,prl1kor,prs2kor,SX/EDC,null,null,5A-08-Lab,null,null,652W96,Test,Endurance test ECU,Nexon EV endurance test on ECU,No,null,null,null,No,null
208.0,APAC,IN,Bangalore,BanO-OMTP,BGSW,SX/NE-EM,ada3kor,muk3kor,prl1kor,prs2kor,SX/EDC,null,null,5A-07-Lab,null,null,652W96,Test,Endurance test ECU,Nexon EV endurance test on ECU,Yes,5.0,4.0,2.0,No,null
209.0,APAC,IN,Bangalore,BanO-OMTP,BGSW,SX/NE-EM,ada3kor,muk3kor,PRN7COB,prs2kor,SX/EPE,null,3.0,3F-329/Conference Lab,null,null,652Y74,Test,Endurance test ECU,Nexon EV endurance test on ECU,Yes,7.0,5.0,7.0,No,null
210.0,APAC,IN,Bangalore,BanO-OMTP,BGSW,SX/NE-EM,ada3kor,muk3kor,PRN7COB,prs2kor,SX/EPE,null,3.0,3F-332/RPS Lab,null,null,652Y74,Test,Endurance test ECU,Nexon EV endurance test on ECU,Yes,8.0,6.0,8.0,No,null
211.0,APAC,IN,Bangalore,BanO-OMTP,BGSW,NE2-XC,ada3kor,muk3kor,dsr2kor,sag2kor,MS/EVC-CE-XC,null,5.0,507B,PGK5KOR,null,652J66,Test,Endurance test ECU,Nexon EV endurance test on ECU,No,null,null,null,No,null
212.0,APAC,IN,Bangalore,BanO-OMTP,BGSW,NE2-XC,ada3kor,muk3kor,SJR8KOR,sag2kor,MS/EVC-CV-XC,null,Gnd,GA-06,PGK5KOR,null,652B98,Test,Endurance test ECU,Nexon EV endurance test on ECU,No,null,null,null,No,null
213.0,APAC,IN,Bangalore,BanO-OMTP,BGSW,NE2-XC,ada3kor,muk3kor,SDU2KOR,sag2kor,MS/ECE-PK-XC,null,Gnd,GB-06,PGK5KOR,null,652CKL,Test,Endurance test ECU,Nexon EV endurance test on ECU,No,null,null,null,No,null
214.0,APAC,IN,Nagnathpura,NH3-Nagnathpura,BGSW,NE-PG,ada3kor,muk3kor,lkr3kor,grs2kor,MS/ENX,NHP,7.0,703-730,null,null,652CYJ,Test,Endurance test ECU,Nexon EV endurance test on ECU,Yes,9.0,7.0,3.0,No,No
215.0,APAC,IN,Hyderabad,HYD4-Hyderabad,BGSW,SX/NE-EM,ada3kor,muk3kor,prl1kor,prs2kor,SX/EDC,null,null,19-33,null,null,652W96,Test,Endurance test ECU,Nexon EV endurance test on ECU,Yes,4.0,5.0,2.0,No,null
216.0,APAC,IN,Hyderabad,HYD4-Hyderabad,BGSW,MS/ENG-BEG,ada3kor,muk3kor,HBA6COB,jup2kor,MS/ESS-BEG,null,null,19-33,null,null,652J91,Test,Endurance test ECU,Nexon EV endurance test on ECU,No,null,null,null,No,null
217.0,APAC,IN,Hyderabad,HYD4-Hyderabad,BGSW,NE2-XC,ada3kor,muk3kor,SAG2KOR,sag2kor,MS/EVC-PB-XC,null,null,19-33,PGK5KOR,null,652460.0,Test,Endurance test ECU,Nexon EV endurance test on ECU,No,null,null,null,No,null
218.0,APAC,IN,Hyderabad,HYD4-Hyderabad,BGSW,NE2-XC,ada3kor,muk3kor,dsr2kor,sag2kor,MS/EVC-CE-XC,null,null,18-22,PGK5KOR,null,652J66,Test,Endurance test ECU,Nexon EV endurance test on ECU,No,null,null,null,No,null
219.0,APAC,IN,Hyderabad,HYD4-Hyderabad,BGSW,NE2-XC,ada3kor,muk3kor,SJR8KOR,sag2kor,MS/EVC-CV-XC ,null,null,18-22,PGK5KOR,null,652J66,Test,Endurance test ECU,Nexon EV endurance test on ECU,No,null,null,null,No,null
220.0,APAC,IN,Pune,PUA,BGSW,MS/EHM,ada3kor,muk3kor,ABC5KOR,amb2kor,MS/EHM-PD1,Pune,2.0,227.0,null,null,652AGI,Test,Endurance test ECU,Nexon EV endurance test on ECU,No,null,null,null,No,null
221.0,APAC,IN,Pune,PUA,BGSW,NE2-XC,ada3kor,muk3kor,amc2kor,sag2kor,MS/EVC,Pune,3.0,341.0,ZOZ1KOR,null,652HUC,Test,Endurance test ECU,Nexon EV endurance test on ECU,No,null,null,null,No,null
222.0,APAC,IN,Pune,PUA,BGSW,SX/NE-EM,ada3kor,muk3kor,eba2kor,prs2kor,SX/EDA,Pune,3.0,341.0,HRI5KOR,null,652ICG,Test,Endurance test ECU,Nexon EV endurance test on ECU,No,null,null,null,No,null
223.0,APAC,IN,Pune,PUA,BGSW,NE1-XC,ada3kor,muk3kor,des2kor,gom2kor,MS/ECK-XC,Pune,3.0,326.0,mgm3kor,null,652U88,Test,Endurance test ECU,Nexon EV endurance test on ECU,No,null,null,null,No,null
224.0,APAC,IN,Pune,PUA,BGSW,MS/NE-ETAS,ada3kor,muk3kor,gak2kor,ndn2kor,MS/ETA-ETAS,Pune,3.0,326.0,RMV6KOR,null,652K03,Test,Endurance test ECU,Nexon EV endurance test on ECU,No,null,null,null,No,No
225.0,APAC,IN,Pune,PUA,BGSW,NE-PG,ada3kor,muk3kor,rmi2kor,grs2kor,MS/EEM-PS-PC,Pune,3.0,327.0,BHAP1KOR,null,652S09,Test,Endurance test ECU,Nexon EV endurance test on ECU,No,null,null,null,No,No
226.0,APAC,IN,Pune,PUA,BGSW,MS/NE-VM,ada3kor,muk3kor,sur5kor,sre7kor,MS/EOD-VM,Pune,3.0,327.0,WLJ1KOR,null,652BUM,Test,Endurance test ECU,Nexon EV endurance test on ECU,No,null,null,null,No,No
227.0,APAC,IN,Pune,PUA,BGSW,MS/NE-VM,ada3kor,muk3kor,suu2kor,sre7kor,MS/EOB-VM,Pune,3.0,327.0,TCI2KOR,null,652B32,Test,Endurance test ECU,Nexon EV endurance test on ECU,No,null,null,null,No,No
228.0,APAC,IN,Pune,PUA,BGSW,NE-PG,ada3kor,muk3kor,pkn2kor,grs2kor,MS/EEX-XC ,Pune,3.0,327.0,SUK1PU,null,652CYZ,Test,Endurance test ECU,Nexon EV endurance test on ECU,No,null,null,null,No,No
229.0,APAC,IN,Bangalore,BanO-OMTP,BGSW,MS/NE-PS,ada3kor,muk3kor,rat2kor,gmk1kor,MS/EAD-EM,null,6.0,603A,NNM3KOR,null,652X55,Test,Endurance test ECU,Nexon EV endurance test on ECU,No,null,null,null,No,null
230.0,APAC,IN,Bangalore,Kor-Kormangala,BGSW,NE-PG,ada3kor,muk3kor,KOY1KOR,grs2kor,MS/EEH,903.0,5.0,507.0,man4cob,null,652A84,Test,Endurance test ECU,Nexon EV endurance test on ECU,Yes,4.0,4.0,4.0,No,Yes
231.0,APAC,IN,Bangalore,Kor-Kormangala,BGSW,BGSW/TE,ada3kor,muk3kor,sgn2kor,ras2kor,CR/RTC-IN,905.0,5.0,541/532,ORR6KOR,null,652292.0,Test,Endurance test ECU,Nexon EV endurance test on ECU,No ,null,null,null,No,Yes
232.0,APAC,IN,Coimbatore,Cob-SEZ ,BGSW,MS/NE-PS,ada3kor,muk3kor,srh1kor,gmk1kor,MS/ECC-PS,SEZ1,3.0,C-307,sac1cob,null,652A24,Test,Endurance test ECU,Nexon EV endurance test on ECU,No,null,null,null,No,null
233.0,APAC,IN,Coimbatore ,Cob-SEZ ,BGSW,NE1-XC,ada3kor,muk3kor,kjb1kor,gom2kor,MS/ECT-XC,SEZ2,Gnd,NG215,MGB1COB,null,652EBQ,Test,Endurance test ECU,Nexon EV endurance test on ECU,No,null,null,null,No,null
234.0,APAC,IN,Coimbatore ,Cob-SEZ ,BGSW,NE1-XC,ada3kor,muk3kor,kjb1kor,gom2kor,MS/ECT-XC,SEZ2,2.0,C-208,MGB1COB,null,652EBQ,Test,Endurance test ECU,Nexon EV endurance test on ECU,No,null,null,null,No,null
235.0,APAC,IN,Coimbatore ,Cob-SEZ ,BGSW,NE1-XC,ada3kor,muk3kor,kjb1kor,gom2kor,MS/ECT-XC,SEZ2,Gnd,NG-24,MGB1COB,null,652EBQ,Test,Endurance test ECU,Nexon EV endurance test on ECU,No,null,null,null,No,null
236.0,APAC,IN,Bangalore,Bani-ADUGODI,BGSW,NE2-XC,ada3kor,muk3kor,ksi2kor,sag2kor,MS/ESM-XC,605.0,Gnd,G-006,MOW4KOR,null,652X96,Test,Endurance test ECU,Nexon EV endurance test on ECU,No,null,null,null,No,null
237.0,APAC,IN,Coimbatore ,Cob-SEZ ,BGSW,NE-PG,ada3kor,muk3kor,lkr3kor,grs2kor,MS/ENX,SEZ1,6.0,B-666,CMZ1KOR,null,652CYJ,Test,Endurance test ECU,Nexon EV endurance test on ECU,Yes,5.0,4.0,7.0,No,No
238.0,APAC,IN,Bangalore,Bani-ADUGODI,BGSW,MS/NE-PS,ada3kor,muk3kor,BAT1KOR,gmk1kor,MS/EMR-PS,601.0,1.0,601-102,VDK2KOR,null,652AQI,Test,Endurance test ECU,Nexon EV endurance test on ECU,Yes,6.0,7.0,8.0,No,null
239.0,APAC,IN,Coimbatore,Cob-SEZ ,BGSW,NE1-XC,ada3kor,muk3kor,kjb1kor,gom2kor,MS/ECT-XC,SEZ2,Gnd,CG-16,MGB1COB,null,652EBQ,Test,Endurance test ECU,Nexon EV endurance test on ECU,No,null,null,null,No,Yes
240.0,APAC,IN,Pune,PUA,BGSW,BGSW/TE,ada3kor,muk3kor,PDR2KOR,ras2kor,C/IDR-IN,Pune,2.0,232.0,sai6kor,null,652579.0,Test,Endurance test ECU,Nexon EV endurance test on ECU,No,null,null,null,No,Yes
241.0,APAC,IN,Pune,PUA,BGSW,NE2-XC,ada3kor,muk3kor,sag2kor,sag2kor,MS/EVC-XC,Pune,3.0,326.0,OZS1KOR,null,652460.0,Test,Endurance test ECU,Nexon EV endurance test on ECU,No,null,null,null,No,null
242.0,APAC,IN,Pune,PUA,BGSW,SX/NE-EM,ada3kor,muk3kor,sul2kor,null,SX/ETH1,Pune,2.0,227.0,cha1kor,null,652W90,Test,Endurance test ECU,Nexon EV endurance test on ECU,No,null,null,null,No,No
243.0,APAC,IN,Pune,PUA,BGSW,MS/NE-PS,ada3kor,muk3kor,kra2kor,null,MS/ECL4,Pune,2.0,232.0,UCK3KOR,null,652bQQ,Test,Endurance test ECU,Nexon EV endurance test on ECU,No,null,null,null,No,Yes
244.0,APAC,IN,Pune,PUA,BGSW,MS/NE-VM,ada3kor,muk3kor,PAA1COB,null,MS/EBM-VM,Pune,2.0,227.0,vig6cob,null,652CES,Test,Endurance test ECU,Nexon EV endurance test on ECU,No,null,null,null,No,null
245.0,APAC,IN,Coimbatore,Cob2-ILKG,BGSW,MS/ENG-BEG,ada3kor,muk3kor,gam1kor,jup2kor,MS/EFX-BEG,ILB,5.0,A-544,LRI1COB,null,652D32,Test,Endurance test ECU,Nexon EV endurance test on ECU,No,null,null,null,No,null
246.0,APAC,IN,Coimbatore,Cob2-ILKG,BGSW,MS/ENG-BEG,ada3kor,muk3kor,HBA6COB,jup2kor,MS/ESS-BEG,ILB,5.0,A-543,VGW1COB,null,652J91,Test,Endurance test ECU,Nexon EV endurance test on ECU,No,null,null,null,No,null
247.0,APAC,IN,Coimbatore,Cob2-ILKG,BGSW,MS/ENG-BEG,ada3kor,muk3kor,HBA6COB,jup2kor,MS/ESS-BEG,ILB,5.0,A-544,VGW1COB,null,652J91,Test,Endurance test ECU,Nexon EV endurance test on ECU,No,null,null,null,No,null
248.0,APAC,IN,Pune,PUA,BGSW,MS/ENG-SDS,ada3kor,muk3kor,vsn1kor,null,MS/EVS-SDS,Pune,2.0,232.0,BVIS1KOR,null,652Y68,Test,Endurance test ECU,Nexon EV endurance test on ECU,No,null,null,null,No,null
249.0,APAC,IN,Pune,PUA,BGSW,NE2-XC,ada3kor,muk3kor,HDE1HL,ais2kor,MS/ECE-PN-XC,Pune,3.0,326.0,DND1KOR,null,652BSB,Test,Endurance test ECU,Nexon EV endurance test on ECU,No,null,null,null,No,null
250.0,APAC,IN,Pune,PUA,BGSW,NE2-XC,ada3kor,muk3kor,sag2kor,sag2kor,MS-EVC-XC,Pune,3.0,326.0,EWO2KOR,null,652460.0,Test,Endurance test ECU,Nexon EV endurance test on ECU,No,null,null,null,No,null
251.0,APAC,IN,Pune,PUA,BGSW,MS/NE-PS,ada3kor,muk3kor,mmr1kor,null,MS/EIS-PS,Pune,3.0,326.0,JPA1PU,null,652S55,Test,Endurance test ECU,Nexon EV endurance test on ECU,No,null,null,null,No,null
252.0,APAC,IN,Hyderabad,HYD4-Hyderabad,BGSW,MS/NE-VM,ada3kor,muk3kor,null,null,MS-EOP-VM ,HYD,null,L-15-30,SPOB1KOR,null,652X24,Test,Endurance test ECU,Nexon EV endurance test on ECU,No,null,null,null,No,null
253.0,APAC,IN,Hyderabad,HYD4-Hyderabad,BGSW,MS/NE-VM,ada3kor,muk3kor,NAG1HYD,null,EBM7-VM ,HYD,null,L-15-30,NAG1HYD,null,652ATG,Test,Endurance test ECU,Nexon EV endurance test on ECU,No,null,null,null,No,null
254.0,APAC,IN,Hyderabad,HYD4-Hyderabad,BGSW,MS/NE-ETAS,ada3kor,muk3kor,TSY4KOR,null,MS/EBB-ETAS-VOS,HYD,null,L-17-26,PKO8KOR,null,652BSX,Test,Endurance test ECU,Nexon EV endurance test on ECU,No,null,null,null,No,null
255.0,APAC,IN,Bangalore,Bani-ADUGODI,BGSW,NE2-XC,ada3kor,muk3kor,ksi2kor,null,MS-ESM-XC,605.0,Gnd,G-008,NWP2KOR,null,652X96,Test,Endurance test ECU,Nexon EV endurance test on ECU,No,null,null,null,No,null
256.0,APAC,IN,Hyderabad,HYD4-Hyderabad,BGSW,MS/NE-PS,ada3kor,muk3kor,SOG2KOR,null,ESS,HYD,null,17-26,par1cob,null,652Y12,Test,Endurance test ECU,Nexon EV endurance test on ECU,No,null,null,null,No,null
257.0,APAC,IN,Bangalore,Bani-ADUGODI,BGSW,NE1-XC,ada3kor,muk3kor,nek1kor,gom2kor,MS/ECB-XC,603.0,10.0,603-1005,MKU5KOR,null,652BWM,Test,Endurance test ECU,Nexon EV endurance test on ECU,Yes,7.0,8.0,6.0,No,null
258.0,APAC,IN,Hyderabad,HYD4-Hyderabad,BGSW,MS/NE-PS,ada3kor,muk3kor,RNM2BAN,null,EET,HYD,null,17-26,null,null,652A66,Test,Endurance test ECU,Nexon EV endurance test on ECU,No,null,null,null,No,null
259.0,APAC,IN,Hyderabad,HYD4-Hyderabad,BGSW,MS/NE-PS,ada3kor,muk3kor,SRH1KOR,null,ECC,HYD,null,17-26,null,null,652A24,Test,Endurance test ECU,Nexon EV endurance test on ECU,No,null,null,null,No,null
260.0,APAC,IN,Hyderabad,PUA,BGSW,MS/NE-PS,ada3kor,muk3kor,rhm2kor,null,ECU,Pune,3.0,327.0,null,null,652A48,Test,Endurance test ECU,Nexon EV endurance test on ECU,No,null,null,null,No,null
